[
  {
    "name": "performing_arts",
    "path": "openmoji/1F3AD"
  },
  {
    "name": "artist_palette",
    "path": "openmoji/1F3A8"
  },
  {
    "name": "trophy",
    "path": "openmoji/1F3C6"
  },
  {
    "name": "jack-o-lantern",
    "path": "openmoji/1F383"
  },
  {
    "name": "christmas_tree",
    "path": "openmoji/1F384"
  },
  {
    "name": "fireworks",
    "path": "openmoji/1F386"
  },
  {
    "name": "firecracker",
    "path": "openmoji/1F9E8"
  },
  {
    "name": "sparkles",
    "path": "openmoji/2728"
  },
  {
    "name": "balloon",
    "path": "openmoji/1F388"
  },
  {
    "name": "party_popper",
    "path": "openmoji/1F389"
  },
  {
    "name": "wrapped_gift",
    "path": "openmoji/1F381"
  },
  {
    "name": "ticket",
    "path": "openmoji/1F380"
  },
  {
    "name": "bullseye",
    "path": "openmoji/1F3AF"
  },
  {
    "name": "kite",
    "path": "openmoji/1FA81"
  },
  {
    "name": "crystal_ball",
    "path": "openmoji/1F52E"
  },
  {
    "name": "magic_wand",
    "path": "openmoji/1FA84"
  },
  {
    "name": "game_die",
    "path": "openmoji/1F3B2"
  },
  {
    "name": "puzzle_piece",
    "path": "openmoji/1F9E9"
  },
  {
    "name": "teddy_bear",
    "path": "openmoji/1F9F8"
  },
  {
    "name": "pinata",
    "path": "openmoji/1FA85"
  },
  {
    "name": "spade_suit",
    "path": "openmoji/2660"
  },
  {
    "name": "heart_suit",
    "path": "openmoji/2665"
  },
  {
    "name": "diamond_suit",
    "path": "openmoji/2666"
  },
  {
    "name": "club_suit",
    "path": "openmoji/2663"
  },
  {
    "name": "chess_pawn",
    "path": "openmoji/265F"
  },
  {
    "name": "fishing_pole",
    "path": "openmoji/1F3A3"
  },
  {
    "name": "tree",
    "path": "openmoji/1F333"
  },
  {
    "name": "cactus",
    "path": "openmoji/1F335"
  },
  {
    "name": "chequered_flag",
    "path": "openmoji/1F3C1"
  },
  {
    "name": "triangular_flag",
    "path": "openmoji/1F6A9"
  },
  {
    "name": "black_flag",
    "path": "openmoji/1F3F4"
  },
  {
    "name": "white_flag",
    "path": "openmoji/1F3F3"
  },
  {
    "name": "books",
    "path": "openmoji/1F4DA"
  },
  {
    "name": "scroll",
    "path": "openmoji/1F4DC"
  },
  {
    "name": "bookmark",
    "path": "openmoji/1F516"
  },
  {
    "name": "door",
    "path": "openmoji/1F6AA"
  },
  {
    "name": "window",
    "path": "openmoji/1FA9F"
  },
  {
    "name": "bed",
    "path": "openmoji/1F6CF"
  },
  {
    "name": "camera",
    "path": "openmoji/1F4F7"
  },
  {
    "name": "magnifying_glass",
    "path": "openmoji/1F50D"
  },
  {
    "name": "candle",
    "path": "openmoji/1F56F"
  },
  {
    "name": "light_bulb",
    "path": "openmoji/1F4A1"
  },
  {
    "name": "locked",
    "path": "openmoji/1F512"
  },
  {
    "name": "unlocked",
    "path": "openmoji/1F513"
  },
  {
    "name": "key",
    "path": "openmoji/1F511"
  },
  {
    "name": "old_key",
    "path": "openmoji/1F5DD"
  },
  {
    "name": "envelope",
    "path": "openmoji/2709"
  },
  {
    "name": "package",
    "path": "openmoji/1F4E6"
  },
  {
    "name": "money_bag",
    "path": "openmoji/1F4B0"
  },
  {
    "name": "coin",
    "path": "openmoji/1FA99"
  },
  {
    "name": "note",
    "path": "openmoji/1F3B5"
  },
  {
    "name": "calendar",
    "path": "openmoji/1F4C5"
  },
  {
    "name": "clipboard",
    "path": "openmoji/1F4CB"
  },
  {
    "name": "pin",
    "path": "openmoji/1F4CC"
  },
  {
    "name": "round_pin",
    "path": "openmoji/1F4CD"
  },
  {
    "name": "paperclip",
    "path": "openmoji/1F4CE"
  },
  {
    "name": "coffin",
    "path": "openmoji/26B0"
  },
  {
    "name": "headstone",
    "path": "openmoji/1FAA6"
  },
  {
    "name": "placard",
    "path": "openmoji/1FAA7"
  },
  {
    "name": "moai",
    "path": "openmoji/1F5FF"
  },
  {
    "name": "telescope",
    "path": "openmoji/1F52D"
  },
  {
    "name": "test_tube",
    "path": "openmoji/1F9EA"
  },
  {
    "name": "bell",
    "path": "openmoji/1F514"
  },
  {
    "name": "hammer",
    "path": "openmoji/1F528"
  },
  {
    "name": "axe",
    "path": "openmoji/1FA93"
  },
  {
    "name": "pickaxe",
    "path": "openmoji/26CF"
  },
  {
    "name": "hammer_and_pick",
    "path": "openmoji/2692"
  },
  {
    "name": "sword",
    "path": "openmoji/1F5E1"
  },
  {
    "name": "crossed_swords",
    "path": "openmoji/2694"
  },
  {
    "name": "bow_and_arrow",
    "path": "openmoji/1F3F9"
  },
  {
    "name": "shield",
    "path": "openmoji/1F6E1"
  },
  {
    "name": "gear",
    "path": "openmoji/2699"
  },
  {
    "name": "balance_scale",
    "path": "openmoji/2696"
  },
  {
    "name": "chains",
    "path": "openmoji/26D3"
  },
  {
    "name": "ladder",
    "path": "openmoji/1FA9C"
  },
  {
    "name": "pencil",
    "path": "openmoji/270F"
  },
  {
    "name": "up",
    "path": "openmoji/2B06"
  },
  {
    "name": "up-right",
    "path": "openmoji/2197"
  },
  {
    "name": "right",
    "path": "openmoji/27A1"
  },
  {
    "name": "down-right",
    "path": "openmoji/2198"
  },
  {
    "name": "down",
    "path": "openmoji/2B07"
  },
  {
    "name": "down-left",
    "path": "openmoji/2199"
  },
  {
    "name": "left",
    "path": "openmoji/2B05"
  },
  {
    "name": "up-left",
    "path": "openmoji/2196"
  },
  {
    "name": "shuffle",
    "path": "openmoji/1F500"
  },
  {
    "name": "dollar",
    "path": "openmoji/1F4B2"
  },
  {
    "name": "orange_circle",
    "path": "openmoji/1F7E0"
  },
  {
    "name": "blue_circle",
    "path": "openmoji/1F535"
  },
  {
    "name": "orange_square",
    "path": "openmoji/1F7E7"
  },
  {
    "name": "blue_square",
    "path": "openmoji/1F7E6"
  },
  {
    "name": "orange_diamond",
    "path": "openmoji/1F536"
  },
  {
    "name": "blue_diamond",
    "path": "openmoji/1F537"
  },
  {
    "name": "triangle_up",
    "path": "openmoji/1F53A"
  },
  {
    "name": "triangle_down",
    "path": "openmoji/1F53B"
  },
  {
    "name": "diamond_with_dot",
    "path": "openmoji/1F4A0"
  },
  {
    "name": "hollow_circle",
    "path": "openmoji/2B55"
  },
  {
    "name": "check",
    "path": "openmoji/2714"
  },
  {
    "name": "cross",
    "path": "openmoji/274C"
  },
  {
    "name": "worship",
    "path": "openmoji/1F9D0"
  },
  {
    "name": "atom",
    "path": "openmoji/269B"
  },
  {
    "name": "yin_yang",
    "path": "openmoji/262F"
  },
  {
    "name": "peace",
    "path": "openmoji/262E"
  },
  {
    "name": "warning",
    "path": "openmoji/26A0"
  },
  {
    "name": "no_entry",
    "path": "openmoji/26D4"
  },
  {
    "name": "prohibited",
    "path": "openmoji/1F6AB"
  },
  {
    "name": "radioactive",
    "path": "openmoji/2622"
  },
  {
    "name": "biohazard",
    "path": "openmoji/2623"
  },
  {
    "name": "world",
    "path": "openmoji/1F30D"
  },
  {
    "name": "meridians",
    "path": "openmoji/1F310"
  },
  {
    "name": "compass",
    "path": "openmoji/1F9ED"
  },
  {
    "name": "mountain",
    "path": "openmoji/26F0"
  },
  {
    "name": "camping",
    "path": "openmoji/1F3D5"
  },
  {
    "name": "beach",
    "path": "openmoji/1F3D6"
  },
  {
    "name": "desert",
    "path": "openmoji/1F3DC"
  },
  {
    "name": "island",
    "path": "openmoji/1F3DD"
  },
  {
    "name": "national_park",
    "path": "openmoji/1F3DE"
  },
  {
    "name": "stadium",
    "path": "openmoji/1F3DF"
  },
  {
    "name": "monument",
    "path": "openmoji/1F3DB"
  },
  {
    "name": "construction",
    "path": "openmoji/1F3D7"
  },
  {
    "name": "brick",
    "path": "openmoji/1F9F1"
  },
  {
    "name": "rock",
    "path": "openmoji/1FAA8"
  },
  {
    "name": "wood",
    "path": "openmoji/1FAB5"
  },
  {
    "name": "hut",
    "path": "openmoji/1F6D6"
  },
  {
    "name": "houses",
    "path": "openmoji/1F3D8"
  },
  {
    "name": "derelict_house",
    "path": "openmoji/1F3DA"
  },
  {
    "name": "house",
    "path": "openmoji/1F3E0"
  },
  {
    "name": "office",
    "path": "openmoji/1F3E2"
  },
  {
    "name": "hospital",
    "path": "openmoji/1F3EF"
  },
  {
    "name": "bank",
    "path": "openmoji/1F3E6"
  },
  {
    "name": "school",
    "path": "openmoji/1F3EB"
  },
  {
    "name": "store",
    "path": "openmoji/1F3EC"
  },
  {
    "name": "factory",
    "path": "openmoji/1F3ED"
  },
  {
    "name": "castle",
    "path": "openmoji/1F3F0"
  },
  {
    "name": "church",
    "path": "openmoji/26EA"
  },
  {
    "name": "fountain",
    "path": "openmoji/26F2"
  },
  {
    "name": "tent",
    "path": "openmoji/26FA"
  },
  {
    "name": "city",
    "path": "openmoji/1F3D9"
  },
  {
    "name": "playground",
    "path": "openmoji/1F6DD"
  },
  {
    "name": "circus",
    "path": "openmoji/1F3AA"
  },
  {
    "name": "train",
    "path": "openmoji/1F686"
  },
  {
    "name": "car",
    "path": "openmoji/1F697"
  },
  {
    "name": "traffic_light",
    "path": "openmoji/1F6A6"
  },
  {
    "name": "anchor",
    "path": "openmoji/2693"
  },
  {
    "name": "canoe",
    "path": "openmoji/1F6F6"
  },
  {
    "name": "airplane",
    "path": "openmoji/2708"
  },
  {
    "name": "satellite",
    "path": "openmoji/1F6F0"
  },
  {
    "name": "rocket",
    "path": "openmoji/1F680"
  },
  {
    "name": "moon",
    "path": "openmoji/1F319"
  },
  {
    "name": "sun",
    "path": "openmoji/2600"
  },
  {
    "name": "star",
    "path": "openmoji/2B50"
  },
  {
    "name": "cloud",
    "path": "openmoji/2601"
  },
  {
    "name": "rainbow",
    "path": "openmoji/1F308"
  },
  {
    "name": "high_voltage",
    "path": "openmoji/26A1"
  },
  {
    "name": "snowflake",
    "path": "openmoji/2744"
  },
  {
    "name": "fire",
    "path": "openmoji/1F525"
  },
  {
    "name": "signpost",
    "path": "openmoji/E094"
  },
  {
    "name": "transmission",
    "path": "openmoji/E0A1"
  },
  {
    "name": "location",
    "path": "openmoji/E0A9"
  },
  {
    "name": "bread",
    "path": "openmoji/E0CA"
  },
  {
    "name": "town",
    "path": "openmoji/E203"
  }
]