{"biomes":{"default":{"water_surface_color":"#44AFF5","water_surface_transparency":0.65,"fog_identifier":"minecraft:fog_default","remove_all_prior_fog":false,"inherit_from_prior_fog":false},"plains":{"water_surface_color":"#44AFF5","fog_identifier":"minecraft:fog_plains","inherit_from_prior_fog":false},"sunflower_plains":{"water_surface_color":"#44AFF5","fog_identifier":"minecraft:fog_sunflower_plains","inherit_from_prior_fog":false},"desert":{"water_surface_color":"#32A598","fog_identifier":"minecraft:fog_desert","inherit_from_prior_fog":false},"extreme_hills":{"water_surface_color":"#007BF7","fog_identifier":"minecraft:fog_extreme_hills","inherit_from_prior_fog":false},"forest":{"water_surface_color":"#1E97F2","fog_identifier":"minecraft:fog_forest","inherit_from_prior_fog":false},"flower_forest":{"water_surface_color":"#20A3CC","fog_identifier":"minecraft:fog_flower_forest","inherit_from_prior_fog":false},"taiga":{"water_surface_color":"#287082","fog_identifier":"minecraft:fog_taiga","inherit_from_prior_fog":false},"taiga_mutated":{"water_surface_color":"#1E6B82","fog_identifier":"minecraft:fog_taiga_mutated","inherit_from_prior_fog":false},"swampland":{"water_surface_color":"#4c6559","water_surface_transparency":1.0,"fog_identifier":"minecraft:fog_swampland","inherit_from_prior_fog":false},"swampland_mutated":{"water_surface_color":"#4c6156","water_surface_transparency":1.0,"fog_identifier":"minecraft:fog_swampland_mutated","inherit_from_prior_fog":false},"river":{"water_surface_color":"#0084FF","fog_identifier":"minecraft:fog_river","inherit_from_prior_fog":false},"hell":{"water_surface_color":"#905957","fog_identifier":"minecraft:fog_hell","inherit_from_prior_fog":false},"the_end":{"water_surface_color":"#62529e","fog_identifier":"minecraft:fog_the_end","inherit_from_prior_fog":false},"frozen_river":{"water_surface_color":"#185390","fog_identifier":"minecraft:fog_frozen_river","inherit_from_prior_fog":false},"ice_plains":{"water_surface_color":"#14559b","fog_identifier":"minecraft:fog_ice_plains","inherit_from_prior_fog":false},"ice_plains_spikes":{"water_surface_color":"#14559b","fog_identifier":"minecraft:fog_ice_plains_spikes","inherit_from_prior_fog":false},"ice_mountains":{"water_surface_color":"#1156a7","fog_identifier":"minecraft:fog_ice_mountains","inherit_from_prior_fog":false},"mushroom_island":{"water_surface_color":"#8a8997","fog_identifier":"minecraft:fog_mushroom_island","inherit_from_prior_fog":false},"mushroom_island_shore":{"water_surface_color":"#818193","fog_identifier":"minecraft:fog_mushroom_island_shore","inherit_from_prior_fog":false},"beach":{"water_surface_color":"#157cab","fog_identifier":"minecraft:fog_beach","inherit_from_prior_fog":false},"desert_hills":{"water_surface_color":"#1a7aa1","fog_identifier":"minecraft:fog_desert_hills","inherit_from_prior_fog":false},"forest_hills":{"water_surface_color":"#056bd1","fog_identifier":"minecraft:fog_forest_hills","inherit_from_prior_fog":false},"taiga_hills":{"water_surface_color":"#236583","fog_identifier":"minecraft:fog_taiga_hills","inherit_from_prior_fog":false},"extreme_hills_edge":{"water_surface_color":"#045cd5","fog_identifier":"minecraft:fog_extreme_hills_edge","inherit_from_prior_fog":false},"jungle":{"water_surface_color":"#14A2C5","fog_identifier":"minecraft:fog_jungle","inherit_from_prior_fog":false},"bamboo_jungle":{"water_surface_color":"#14A2C5","fog_identifier":"minecraft:fog_bamboo_jungle","inherit_from_prior_fog":false},"jungle_mutated":{"water_surface_color":"#1B9ED8","fog_identifier":"minecraft:fog_jungle_mutated","inherit_from_prior_fog":false},"jungle_hills":{"water_surface_color":"#1B9ED8","fog_identifier":"minecraft:fog_jungle_hills","inherit_from_prior_fog":false},"bamboo_jungle_hills":{"water_surface_color":"#1B9ED8","fog_identifier":"minecraft:fog_bamboo_jungle_hills","inherit_from_prior_fog":false},"jungle_edge":{"water_surface_color":"#0D8AE3","fog_identifier":"minecraft:fog_jungle_edge","inherit_from_prior_fog":false},"stone_beach":{"water_surface_color":"#0d67bb","fog_identifier":"minecraft:fog_stone_beach","inherit_from_prior_fog":false},"cold_beach":{"water_surface_color":"#1463a5","fog_identifier":"minecraft:fog_cold_beach","inherit_from_prior_fog":false},"birch_forest":{"water_surface_color":"#0677ce","fog_identifier":"minecraft:fog_birch_forest","inherit_from_prior_fog":false},"birch_forest_hills":{"water_surface_color":"#0a74c4","fog_identifier":"minecraft:fog_birch_forest_hills","inherit_from_prior_fog":false},"roofed_forest":{"water_surface_color":"#3B6CD1","fog_identifier":"minecraft:fog_roofed_forest","inherit_from_prior_fog":false},"cold_taiga":{"water_surface_color":"#205e83","fog_identifier":"minecraft:fog_cold_taiga","inherit_from_prior_fog":false},"cold_taiga_mutated":{"water_surface_color":"#205e83","fog_identifier":"minecraft:fog_cold_taiga_mutated","inherit_from_prior_fog":false},"cold_taiga_hills":{"water_surface_color":"#245b78","fog_identifier":"minecraft:fog_cold_taiga_hills","inherit_from_prior_fog":false},"mega_taiga":{"water_surface_color":"#2d6d77","fog_identifier":"minecraft:fog_mega_taiga","inherit_from_prior_fog":false},"mega_spruce_taiga":{"water_surface_color":"#2d6d77","fog_identifier":"minecraft:fog_mega_spruce_taiga","inherit_from_prior_fog":false},"mega_taiga_mutated":{"water_surface_color":"#2d6d77","fog_identifier":"minecraft:fog_mega_taiga_mutated","inherit_from_prior_fog":false},"mega_spruce_taiga_mutated":{"water_surface_color":"#2d6d77","fog_identifier":"minecraft:fog_mega_spruce_taiga_mutated","inherit_from_prior_fog":false},"mega_taiga_hills":{"water_surface_color":"#286378","fog_identifier":"minecraft:fog_mega_taiga_hills","inherit_from_prior_fog":false},"extreme_hills_plus_trees":{"water_surface_color":"#0E63AB","fog_identifier":"minecraft:fog_extreme_hills_plus_trees","inherit_from_prior_fog":false},"extreme_hills_plus_trees_mutated":{"water_surface_color":"#0E63AB","fog_identifier":"minecraft:fog_extreme_hills_plus_trees_mutated","inherit_from_prior_fog":false},"extreme_hills_mutated":{"water_surface_color":"#0E63AB","fog_identifier":"minecraft:fog_extreme_hills_mutated","inherit_from_prior_fog":false},"savanna":{"water_surface_color":"#2C8B9C","fog_identifier":"minecraft:fog_savanna","inherit_from_prior_fog":false},"savanna_plateau":{"water_surface_color":"#2590A8","fog_identifier":"minecraft:fog_savanna_plateau","inherit_from_prior_fog":false},"savanna_mutated":{"water_surface_color":"#2590A8","fog_identifier":"minecraft:fog_savanna_mutated","inherit_from_prior_fog":false},"mesa":{"water_surface_color":"#4E7F81","fog_identifier":"minecraft:fog_mesa","inherit_from_prior_fog":false},"mesa_bryce":{"water_surface_color":"#497F99","fog_identifier":"minecraft:fog_mesa_bryce","inherit_from_prior_fog":false},"mesa_mutated":{"water_surface_color":"#497F99","fog_identifier":"minecraft:fog_mesa_mutated","inherit_from_prior_fog":false},"mesa_plateau_stone":{"water_surface_color":"#55809E","fog_identifier":"minecraft:fog_mesa_plateau_stone","inherit_from_prior_fog":false},"mesa_plateau":{"water_surface_color":"#55809E","fog_identifier":"minecraft:fog_mesa_plateau","inherit_from_prior_fog":false},"ocean":{"water_surface_color":"#1787D4","fog_identifier":"minecraft:fog_ocean","inherit_from_prior_fog":false},"deep_ocean":{"water_surface_color":"#1787D4","fog_identifier":"minecraft:fog_deep_ocean","inherit_from_prior_fog":false},"warm_ocean":{"water_surface_color":"#02B0E5","water_surface_transparency":0.55,"fog_identifier":"minecraft:fog_warm_ocean","inherit_from_prior_fog":false},"deep_warm_ocean":{"water_surface_color":"#02B0E5","fog_identifier":"minecraft:fog_deep_warm_ocean","inherit_from_prior_fog":false},"lukewarm_ocean":{"water_surface_color":"#0D96DB","fog_identifier":"minecraft:fog_lukewarm_ocean","inherit_from_prior_fog":false},"deep_lukewarm_ocean":{"water_surface_color":"#0D96DB","fog_identifier":"minecraft:fog_deep_lukewarm_ocean","inherit_from_prior_fog":false},"cold_ocean":{"water_surface_color":"#2080C9","fog_identifier":"minecraft:fog_cold_ocean","inherit_from_prior_fog":false},"deep_cold_ocean":{"water_surface_color":"#2080C9","fog_identifier":"minecraft:fog_deep_cold_ocean","inherit_from_prior_fog":false},"frozen_ocean":{"water_surface_color":"#2570B5","fog_identifier":"minecraft:fog_frozen_ocean","inherit_from_prior_fog":false},"deep_frozen_ocean":{"water_surface_color":"#2570B5","fog_identifier":"minecraft:fog_deep_frozen_ocean","inherit_from_prior_fog":false},"warped_forest":{"water_surface_color":"#905957","fog_identifier":"minecraft:fog_warped_forest","inherit_from_prior_fog":false},"crimson_forest":{"water_surface_color":"#905957","fog_identifier":"minecraft:fog_crimson_forest","inherit_from_prior_fog":false},"soulsand_valley":{"water_surface_color":"#905957","fog_identifier":"minecraft:fog_soulsand_valley","inherit_from_prior_fog":false},"basalt_deltas":{"water_surface_color":"#3f76e4","fog_identifier":"minecraft:fog_basalt_deltas","inherit_from_prior_fog":false},"mangrove_swamp":{"water_surface_color":"#3a7a6a","fog_identifier":"minecraft:fog_mangrove_swamp","inherit_from_prior_fog":false},"cherry_grove":{"water_surface_color":"#5db7ef","fog_identifier":"minecraft:fog_cherry_grove","inherit_from_prior_fog":false}}}